Species_ID,Depth_m,Temperature_C,Salinity_PPS,Dissolved_Oxygen_mlL
Desmophyllum_pertusum,128.0,23.03,41.184,3.47
Desmophyllum_pertusum,213.2,23.53,40.771,2.53
Stylophora_pistillata,76.5,32.09,40.374,3.05
Dendrophyllia_sp,75.9,24.17,40.561,2.86
Stylophora_pistillata,22.3,25.41,39.487,4.98
Dendrophyllia_sp,108.0,24.73,40.493,3.49
Desmophyllum_pertusum,107.7,21.23,40.277,1.84
Dendrophyllia_sp,118.1,20.68,40.609,4.16
Desmophyllum_pertusum,185.3,21.77,40.887,2.7
Dendrophyllia_sp,66.5,24.24,40.078,4.34
Stylophora_pistillata,22.3,27.16,40.08,5.71
Desmophyllum_pertusum,137.6,21.66,41.234,4.16
Stylophora_pistillata,13.1,27.63,39.981,6.08
Dendrophyllia_sp,78.1,25.17,40.193,4.59
Stylophora_pistillata,35.0,26.3,41.397,4.91
Stylophora_pistillata,38.7,24.93,40.096,3.8
Dendrophyllia_sp,67.5,20.33,39.759,4.71
Dendrophyllia_sp,74.3,23.14,40.862,4.6
Stylophora_pistillata,26.2,25.22,39.172,3.83
Stylophora_pistillata,35.2,23.81,40.258,5.73
Stylophora_pistillata,21.5,24.67,40.909,4.88
Desmophyllum_pertusum,119.6,16.56,40.502,2.01
Stylophora_pistillata,48.6,23.15,41.487,5.27
Dendrophyllia_sp,99.2,21.13,40.887,3.38
Stylophora_pistillata,51.1,28.78,40.538,4.3
Desmophyllum_pertusum,218.3,23.75,40.317,3.01
Desmophyllum_pertusum,171.5,20.17,40.42,3.62
Stylophora_pistillata,24.6,27.11,40.763,5.84
Stylophora_pistillata,25.1,25.59,41.095,3.85
Desmophyllum_pertusum,138.6,24.13,41.394,3.85
Stylophora_pistillata,32.6,23.57,41.163,5.84
Stylophora_pistillata,29.9,25.23,39.944,4.63
Desmophyllum_pertusum,182.9,25.79,40.123,2.75
Dendrophyllia_sp,87.9,24.15,40.485,4.73
Stylophora_pistillata,71.0,26.19,40.483,3.87
Desmophyllum_pertusum,209.2,22.79,40.378,1.22
Stylophora_pistillata,28.1,26.68,41.273,6.7
Desmophyllum_pertusum,112.0,20.81,39.625,2.89
Dendrophyllia_sp,84.3,24.96,40.577,3.29
Dendrophyllia_sp,47.4,22.12,39.908,3.18
Stylophora_pistillata,15.6,28.76,40.198,5.72
Stylophora_pistillata,19.0,26.39,40.436,4.56
Desmophyllum_pertusum,119.1,21.53,40.541,2.51
Desmophyllum_pertusum,133.5,23.19,40.713,1.01
Stylophora_pistillata,48.2,25.7,39.854,4.7
Stylophora_pistillata,28.4,25.03,40.283,6.27
Dendrophyllia_sp,60.7,28.15,40.341,3.73
Dendrophyllia_sp,84.6,25.44,40.613,5.71
Stylophora_pistillata,4.4,21.49,40.722,6.01
Dendrophyllia_sp,99.4,25.75,41.557,4.48
Dendrophyllia_sp,59.1,28.15,41.674,5.06
Stylophora_pistillata,59.0,26.83,40.574,5.45
Desmophyllum_pertusum,174.3,24.07,40.602,1.97
Desmophyllum_pertusum,143.9,23.18,40.189,3.28
Stylophora_pistillata,21.2,27.7,40.154,5.29
Stylophora_pistillata,28.6,24.99,40.747,5.04
Desmophyllum_pertusum,149.2,22.23,40.204,4.28
Dendrophyllia_sp,41.6,24.91,40.929,4.92
Dendrophyllia_sp,80.3,26.33,40.975,3.58
Stylophora_pistillata,23.8,27.97,40.634,5.08
Dendrophyllia_sp,59.5,29.23,39.893,3.2
Stylophora_pistillata,39.4,27.26,40.051,4.99
Desmophyllum_pertusum,222.5,22.81,40.541,3.09
Dendrophyllia_sp,69.2,24.51,40.936,4.45
Stylophora_pistillata,36.7,23.08,40.406,5.23
Dendrophyllia_sp,75.9,28.65,40.06,5.18
Desmophyllum_pertusum,149.2,19.99,40.356,2.98
Stylophora_pistillata,38.3,27.47,40.881,4.12
Stylophora_pistillata,30.9,24.31,40.357,6.09
Stylophora_pistillata,33.4,26.03,40.113,5.08
Dendrophyllia_sp,68.2,22.61,41.263,3.28
Desmophyllum_pertusum,145.6,23.95,40.892,1.55
Dendrophyllia_sp,46.2,22.6,39.831,3.36
Desmophyllum_pertusum,163.7,25.75,40.212,3.95
Stylophora_pistillata,28.2,27.3,40.576,5.62
Dendrophyllia_sp,78.2,23.29,39.951,4.24
Dendrophyllia_sp,86.5,27.08,40.258,4.17
Stylophora_pistillata,30.1,26.09,40.811,4.64
Dendrophyllia_sp,58.8,21.66,40.371,4.27
Dendrophyllia_sp,59.3,23.24,41.524,4.19
Desmophyllum_pertusum,187.5,20.86,41.171,3.41
Desmophyllum_pertusum,175.8,24.74,40.843,2.04
Dendrophyllia_sp,106.5,19.6,39.48,3.05
Stylophora_pistillata,52.5,26.15,39.81,6.3
Stylophora_pistillata,27.1,28.84,40.793,5.37
Stylophora_pistillata,29.9,26.81,39.779,5.9
Desmophyllum_pertusum,63.0,26.06,41.25,1.24
Stylophora_pistillata,29.1,27.91,40.752,4.21
Desmophyllum_pertusum,129.9,24.09,40.462,2.76
Stylophora_pistillata,8.5,25.62,39.359,5.05
Stylophora_pistillata,29.4,24.2,41.487,5.1
Stylophora_pistillata,32.7,24.45,40.658,5.02
Dendrophyllia_sp,31.7,26.17,40.788,5.32
Dendrophyllia_sp,87.8,23.1,40.647,4.72
Dendrophyllia_sp,67.8,26.97,39.72,4.18
Stylophora_pistillata,33.1,29.37,40.063,5.71
Desmophyllum_pertusum,149.9,22.8,39.496,4.65
Stylophora_pistillata,46.0,28.79,39.801,3.95
Dendrophyllia_sp,94.1,22.46,40.899,2.99
Desmophyllum_pertusum,155.8,20.85,40.764,3.76
Desmophyllum_pertusum,158.3,18.51,40.045,5.62
Stylophora_pistillata,39.6,29.69,40.506,5.21
Desmophyllum_pertusum,115.0,27.57,40.07,1.39
Desmophyllum_pertusum,134.6,19.2,41.695,3.23
Desmophyllum_pertusum,125.8,23.15,40.585,2.8
Desmophyllum_pertusum,153.6,22.17,40.44,2.84
Stylophora_pistillata,31.7,27.53,40.213,5.51
Dendrophyllia_sp,63.0,18.48,41.101,4.29
Desmophyllum_pertusum,133.7,23.11,39.337,3.3
Stylophora_pistillata,52.7,26.65,40.946,4.82
Desmophyllum_pertusum,153.8,17.42,40.958,4.43
Desmophyllum_pertusum,193.6,21.97,40.914,4.05
Desmophyllum_pertusum,190.4,25.02,41.019,3.4
Desmophyllum_pertusum,129.6,20.44,42.087,0.8
Stylophora_pistillata,32.7,27.51,41.193,4.26
Dendrophyllia_sp,105.2,22.07,40.585,3.0
Desmophyllum_pertusum,183.4,23.31,40.59,2.94
Stylophora_pistillata,69.7,27.74,41.102,4.25
Desmophyllum_pertusum,176.9,19.32,40.005,4.89
Stylophora_pistillata,28.1,25.2,39.883,4.66
Desmophyllum_pertusum,106.0,18.62,41.035,4.53
Stylophora_pistillata,21.3,24.17,39.722,5.2
Desmophyllum_pertusum,38.6,18.99,40.377,2.74
Desmophyllum_pertusum,139.1,24.08,40.164,2.3
Stylophora_pistillata,20.2,25.46,40.5,4.11
Stylophora_pistillata,32.4,24.26,40.216,3.71
Dendrophyllia_sp,108.2,30.42,40.373,3.11
Dendrophyllia_sp,117.6,20.16,40.322,6.24
Stylophora_pistillata,33.6,26.22,40.532,4.85
Stylophora_pistillata,32.0,31.48,39.935,6.02
Stylophora_pistillata,4.4,28.02,40.586,5.77
Dendrophyllia_sp,111.2,25.05,39.971,3.78
Dendrophyllia_sp,88.2,20.87,40.408,4.74
Desmophyllum_pertusum,121.8,19.18,40.803,1.44
Dendrophyllia_sp,64.3,27.13,40.736,3.71
Stylophora_pistillata,29.4,28.21,40.575,5.09
Desmophyllum_pertusum,218.1,22.18,41.31,2.21
Dendrophyllia_sp,47.8,24.25,40.776,2.7
Stylophora_pistillata,57.2,25.96,40.045,4.28
Dendrophyllia_sp,121.6,26.54,39.86,2.53
Dendrophyllia_sp,92.9,22.19,40.122,4.15
Stylophora_pistillata,26.6,28.42,40.716,5.18
Dendrophyllia_sp,132.0,23.24,40.59,4.08
Desmophyllum_pertusum,174.3,18.96,40.171,2.99
Dendrophyllia_sp,68.0,29.75,39.835,2.99
Stylophora_pistillata,20.6,29.62,40.219,5.57
Desmophyllum_pertusum,174.9,18.86,40.376,2.27
Stylophora_pistillata,40.0,28.02,40.522,4.31
Desmophyllum_pertusum,182.7,23.24,41.031,4.29
Stylophora_pistillata,34.0,27.47,40.561,4.77
Dendrophyllia_sp,48.7,30.51,40.319,3.41
Desmophyllum_pertusum,148.4,23.36,40.515,3.03
Dendrophyllia_sp,113.7,27.24,39.494,4.72
Desmophyllum_pertusum,108.3,24.56,40.567,2.74
Stylophora_pistillata,60.6,26.97,41.357,5.12
Dendrophyllia_sp,52.6,18.07,39.907,3.65
Desmophyllum_pertusum,129.3,24.82,40.319,5.3
Desmophyllum_pertusum,117.8,21.6,39.457,3.29
Stylophora_pistillata,25.5,24.39,39.975,4.2
Stylophora_pistillata,36.9,25.5,40.362,4.24
Stylophora_pistillata,44.8,25.57,40.837,4.96
Stylophora_pistillata,28.5,26.11,40.334,5.91
Desmophyllum_pertusum,87.2,22.15,40.201,2.48
Desmophyllum_pertusum,168.7,23.02,40.786,1.75
Dendrophyllia_sp,37.5,24.44,42.084,2.54
Desmophyllum_pertusum,127.9,23.27,39.742,3.2
Dendrophyllia_sp,76.7,26.81,40.142,2.8
Desmophyllum_pertusum,171.7,24.17,40.552,2.15
Desmophyllum_pertusum,151.8,20.74,40.518,3.91
Dendrophyllia_sp,107.6,24.33,41.366,4.13
Stylophora_pistillata,26.0,25.46,40.129,4.06
Desmophyllum_pertusum,149.0,22.71,40.615,4.04
Dendrophyllia_sp,76.2,25.05,40.596,4.32
Stylophora_pistillata,40.5,23.48,40.165,4.29
Desmophyllum_pertusum,171.5,22.1,39.779,4.21
Stylophora_pistillata,21.7,26.98,40.198,5.39
Dendrophyllia_sp,109.9,20.19,40.689,3.55
Desmophyllum_pertusum,195.5,21.09,39.888,2.89
Desmophyllum_pertusum,100.8,21.64,40.994,3.65
Dendrophyllia_sp,61.9,25.83,40.622,4.34
Dendrophyllia_sp,71.4,27.87,39.914,3.11
Dendrophyllia_sp,48.7,27.61,41.059,3.93
Dendrophyllia_sp,76.0,21.03,40.512,3.7
Stylophora_pistillata,27.6,23.32,40.803,3.86
Stylophora_pistillata,36.7,24.01,39.641,5.71
Stylophora_pistillata,28.2,23.64,41.309,4.25
Dendrophyllia_sp,103.5,23.66,40.368,4.3
Stylophora_pistillata,24.0,25.35,40.195,5.04
Dendrophyllia_sp,51.3,24.52,40.365,2.37
Dendrophyllia_sp,77.8,21.5,40.994,3.78
Dendrophyllia_sp,95.6,24.25,41.351,3.78
Desmophyllum_pertusum,205.3,25.62,40.948,3.36
Dendrophyllia_sp,95.9,23.16,41.578,5.93
Dendrophyllia_sp,109.3,29.19,40.315,3.45
Dendrophyllia_sp,85.1,28.33,39.721,4.86
Dendrophyllia_sp,106.4,21.42,40.488,3.58
Dendrophyllia_sp,133.6,25.26,40.412,2.4
Stylophora_pistillata,18.6,25.49,40.966,3.67
Stylophora_pistillata,43.1,23.55,39.719,3.83
Stylophora_pistillata,60.0,29.14,40.8,3.77
Desmophyllum_pertusum,195.3,23.6,41.238,3.18
Desmophyllum_pertusum,205.2,23.5,41.33,2.28
Dendrophyllia_sp,111.9,23.94,40.422,4.94
Desmophyllum_pertusum,192.5,24.3,40.687,1.26
Dendrophyllia_sp,77.8,28.29,40.117,5.23
Dendrophyllia_sp,61.0,18.76,39.722,4.2
Desmophyllum_pertusum,132.9,19.41,40.752,1.49
Stylophora_pistillata,2.3,26.76,40.348,5.34
Stylophora_pistillata,35.7,25.36,39.881,4.64
Stylophora_pistillata,39.4,25.62,40.958,5.36
Desmophyllum_pertusum,163.9,22.3,39.967,1.33
Dendrophyllia_sp,82.3,26.77,40.638,3.17
Dendrophyllia_sp,63.7,23.52,40.485,4.17
Stylophora_pistillata,60.1,26.37,40.599,5.13
Stylophora_pistillata,26.1,27.24,40.92,5.11
Dendrophyllia_sp,125.4,26.51,41.307,3.8
Dendrophyllia_sp,91.3,19.79,40.799,3.25
Stylophora_pistillata,40.5,27.58,40.99,4.69
Stylophora_pistillata,10.0,23.81,40.057,3.85
Stylophora_pistillata,53.3,28.13,40.521,6.8
Dendrophyllia_sp,74.2,27.17,40.811,4.56
Dendrophyllia_sp,81.5,22.86,39.805,3.98
Stylophora_pistillata,5.3,25.7,41.312,3.69
Desmophyllum_pertusum,163.0,24.64,40.565,3.09
Desmophyllum_pertusum,165.2,20.49,40.065,2.72
Desmophyllum_pertusum,110.6,22.12,40.627,3.77
Dendrophyllia_sp,68.0,22.49,40.775,2.73
Dendrophyllia_sp,55.8,22.65,40.217,4.41
Dendrophyllia_sp,105.6,25.17,40.772,5.09
Dendrophyllia_sp,143.7,25.03,41.08,4.46
Stylophora_pistillata,11.3,24.61,40.947,4.43
Desmophyllum_pertusum,123.1,22.56,41.573,2.16
Desmophyllum_pertusum,170.1,21.28,39.554,5.47
Stylophora_pistillata,48.4,29.25,40.634,3.77
Stylophora_pistillata,40.0,22.9,41.448,4.51
Stylophora_pistillata,38.5,29.26,40.398,4.7
Stylophora_pistillata,5.5,29.16,39.889,3.85
Stylophora_pistillata,18.6,26.07,40.851,4.5
Dendrophyllia_sp,122.2,26.18,39.731,3.8
Dendrophyllia_sp,121.8,25.05,40.472,3.44
Stylophora_pistillata,38.1,24.16,39.793,5.14
Stylophora_pistillata,5.0,25.0,40.895,4.4
Dendrophyllia_sp,100.3,22.28,41.001,4.24
Dendrophyllia_sp,62.9,21.06,39.905,2.77
Stylophora_pistillata,17.3,22.8,39.934,6.72
Desmophyllum_pertusum,164.6,24.8,41.109,1.01
Stylophora_pistillata,31.2,25.8,40.355,5.74
Dendrophyllia_sp,46.4,27.78,40.856,3.56
Dendrophyllia_sp,83.0,23.94,40.175,4.65
Desmophyllum_pertusum,171.2,20.4,39.709,3.35
Stylophora_pistillata,30.5,27.02,40.532,5.04
Dendrophyllia_sp,15.8,17.53,41.128,3.63
Desmophyllum_pertusum,122.5,21.87,40.295,2.44
Dendrophyllia_sp,60.8,22.6,41.261,4.75
Stylophora_pistillata,19.0,24.6,39.986,5.39
Dendrophyllia_sp,45.8,23.44,39.599,3.06
Stylophora_pistillata,36.3,25.8,40.305,4.55
Dendrophyllia_sp,101.6,22.01,39.941,4.09
Stylophora_pistillata,36.2,28.15,40.282,4.9
Desmophyllum_pertusum,197.9,21.68,40.033,2.97
Dendrophyllia_sp,22.4,22.89,39.362,3.3
Stylophora_pistillata,37.0,26.33,40.417,5.26
Stylophora_pistillata,29.7,28.62,39.419,4.24
Stylophora_pistillata,30.5,24.49,40.161,5.37
Stylophora_pistillata,42.3,28.93,40.115,4.9
Desmophyllum_pertusum,59.1,20.78,41.128,4.19
Dendrophyllia_sp,84.7,25.52,40.339,5.05
Dendrophyllia_sp,73.7,23.47,40.981,3.91
Dendrophyllia_sp,78.7,22.39,41.228,4.74
Desmophyllum_pertusum,222.0,26.73,40.085,3.42
Desmophyllum_pertusum,158.1,17.67,40.658,3.97
Desmophyllum_pertusum,143.3,22.61,40.652,3.82
Stylophora_pistillata,34.0,26.6,40.686,3.67
Desmophyllum_pertusum,214.0,19.92,40.7,3.5
Desmophyllum_pertusum,123.9,21.97,40.013,3.54
Stylophora_pistillata,3.4,26.48,41.406,7.08
Desmophyllum_pertusum,174.9,24.0,40.603,3.21
Stylophora_pistillata,11.9,27.08,40.623,5.27
Dendrophyllia_sp,75.1,24.65,39.902,2.88
Stylophora_pistillata,36.7,27.37,40.615,3.23
Stylophora_pistillata,33.5,27.55,40.447,5.9
Desmophyllum_pertusum,198.9,25.45,39.651,2.6
Stylophora_pistillata,51.9,25.17,40.515,4.06
Desmophyllum_pertusum,193.0,22.25,41.531,2.31
Dendrophyllia_sp,90.6,23.05,40.693,5.25
Stylophora_pistillata,38.3,25.01,40.685,3.16
Stylophora_pistillata,17.4,25.73,39.817,5.38
Desmophyllum_pertusum,113.7,24.11,39.959,3.46
Desmophyllum_pertusum,140.9,20.08,41.044,2.63
Stylophora_pistillata,22.7,23.76,39.616,5.11
Stylophora_pistillata,21.2,23.4,39.097,3.88
Stylophora_pistillata,24.3,29.59,40.268,5.08
Stylophora_pistillata,24.8,27.53,40.012,5.98
Desmophyllum_pertusum,114.3,23.77,39.965,2.31
Stylophora_pistillata,1.0,24.95,39.288,4.99
Desmophyllum_pertusum,185.4,21.7,39.968,2.76
Desmophyllum_pertusum,155.5,24.32,40.448,2.62
Stylophora_pistillata,65.3,27.59,39.833,4.0
Stylophora_pistillata,66.2,24.79,40.735,6.3
Stylophora_pistillata,58.7,25.02,40.62,3.88
Dendrophyllia_sp,115.7,23.79,40.718,3.34
Dendrophyllia_sp,102.6,23.69,40.972,4.9
Dendrophyllia_sp,62.8,23.54,40.186,5.1
Desmophyllum_pertusum,174.1,22.26,40.679,4.07
Dendrophyllia_sp,59.1,23.27,40.469,2.75
Stylophora_pistillata,19.0,28.53,39.398,4.63
Desmophyllum_pertusum,108.5,22.23,40.681,1.56
Stylophora_pistillata,50.5,28.1,40.524,3.9
Dendrophyllia_sp,103.9,22.39,40.367,4.82
Dendrophyllia_sp,92.1,23.16,40.649,3.68
Desmophyllum_pertusum,180.4,24.01,40.07,2.37
Stylophora_pistillata,47.1,26.53,39.969,4.96
Dendrophyllia_sp,90.7,24.97,40.238,3.38
Desmophyllum_pertusum,99.7,22.68,41.404,2.7
Stylophora_pistillata,35.3,28.63,40.454,4.91
Desmophyllum_pertusum,60.4,22.14,40.201,4.04
Dendrophyllia_sp,121.0,22.34,41.109,2.38
Dendrophyllia_sp,118.0,25.99,40.255,4.49
Desmophyllum_pertusum,161.9,21.07,40.299,3.2
Desmophyllum_pertusum,171.0,23.74,39.532,1.65
Desmophyllum_pertusum,155.0,24.92,40.842,2.48
Stylophora_pistillata,21.1,26.56,39.72,5.6
Dendrophyllia_sp,44.3,24.35,40.232,4.88
Dendrophyllia_sp,77.7,23.45,40.757,4.34
Dendrophyllia_sp,73.5,26.11,41.002,4.4
Desmophyllum_pertusum,232.3,26.4,40.31,3.53
Stylophora_pistillata,25.8,22.23,39.973,4.76
Dendrophyllia_sp,53.3,22.36,40.321,4.12
Dendrophyllia_sp,99.9,23.74,40.542,3.86
Dendrophyllia_sp,68.3,24.18,40.674,4.93
Stylophora_pistillata,64.9,20.76,40.445,6.37
Desmophyllum_pertusum,144.5,23.91,41.157,4.61
Stylophora_pistillata,51.0,28.22,40.249,4.71
Desmophyllum_pertusum,167.0,22.29,40.806,4.48
Desmophyllum_pertusum,186.3,21.57,40.603,3.81
Dendrophyllia_sp,44.8,23.79,40.88,2.8
Stylophora_pistillata,47.4,26.24,40.888,4.61
Stylophora_pistillata,37.2,31.46,40.41,5.3
Stylophora_pistillata,42.7,24.85,40.543,5.83
Desmophyllum_pertusum,226.0,21.88,39.743,2.29
Stylophora_pistillata,41.6,29.06,40.229,5.74
Dendrophyllia_sp,97.2,25.05,40.788,3.7
Stylophora_pistillata,2.3,24.56,40.006,4.83
Stylophora_pistillata,4.9,24.21,41.253,4.58
Dendrophyllia_sp,109.4,19.67,40.879,4.17
Dendrophyllia_sp,81.5,22.14,40.177,2.64
Stylophora_pistillata,42.0,25.61,40.809,4.54
Stylophora_pistillata,27.5,24.7,41.042,4.76
Stylophora_pistillata,45.0,24.66,40.375,6.11
Desmophyllum_pertusum,135.6,22.46,40.463,2.73
Desmophyllum_pertusum,99.3,22.09,40.565,2.6
Desmophyllum_pertusum,202.4,24.79,40.395,2.44
Stylophora_pistillata,48.3,26.22,41.518,6.21
Stylophora_pistillata,29.3,23.71,40.262,5.0
Dendrophyllia_sp,52.5,23.1,40.323,2.56
Stylophora_pistillata,8.9,23.09,39.89,2.9
Stylophora_pistillata,28.4,26.9,39.937,3.74
Stylophora_pistillata,69.5,22.39,40.162,4.59
Desmophyllum_pertusum,107.5,20.25,40.067,1.74
Desmophyllum_pertusum,100.3,22.33,40.321,3.32
Stylophora_pistillata,46.5,29.92,40.748,4.02
Stylophora_pistillata,69.7,22.99,40.734,5.2
Dendrophyllia_sp,87.7,23.02,40.328,4.22
Dendrophyllia_sp,80.5,25.63,40.327,4.17
Desmophyllum_pertusum,92.1,20.31,40.137,3.64
Desmophyllum_pertusum,141.1,23.35,40.653,3.54
Desmophyllum_pertusum,210.7,25.39,41.195,2.89
Stylophora_pistillata,47.5,25.59,41.002,4.89
Dendrophyllia_sp,98.1,21.84,40.73,5.79
Dendrophyllia_sp,110.4,21.83,40.57,5.16
Dendrophyllia_sp,103.8,25.28,40.758,4.58
Stylophora_pistillata,37.0,26.97,40.836,5.28
Desmophyllum_pertusum,117.2,21.95,39.684,1.36
Desmophyllum_pertusum,140.8,26.93,40.695,4.73
Stylophora_pistillata,41.9,28.91,39.696,5.0
Dendrophyllia_sp,60.9,26.18,40.915,3.5
Stylophora_pistillata,27.1,28.3,40.297,5.22
Stylophora_pistillata,9.3,19.96,40.176,5.15
Dendrophyllia_sp,84.7,26.02,40.618,3.22
Desmophyllum_pertusum,204.8,20.61,40.018,4.56
Stylophora_pistillata,44.0,24.75,40.336,5.01
Dendrophyllia_sp,83.9,18.82,40.415,3.66
Stylophora_pistillata,32.2,25.05,40.42,5.7
Stylophora_pistillata,44.2,27.21,40.869,4.86
Stylophora_pistillata,31.7,27.04,40.544,4.35
Dendrophyllia_sp,84.9,23.54,39.287,2.61
Stylophora_pistillata,29.5,24.01,40.357,4.95
Stylophora_pistillata,34.9,26.65,40.315,5.24
Dendrophyllia_sp,132.6,25.68,40.129,3.14
Desmophyllum_pertusum,133.3,22.74,40.569,2.41
Dendrophyllia_sp,71.5,24.48,40.228,3.88
Dendrophyllia_sp,75.9,24.57,39.959,5.18
Dendrophyllia_sp,99.7,23.43,40.889,3.2
Dendrophyllia_sp,19.8,26.29,40.445,3.24
Stylophora_pistillata,22.7,28.11,40.719,4.42
Desmophyllum_pertusum,150.8,20.47,39.937,3.14
Desmophyllum_pertusum,131.3,22.2,40.994,4.55
Desmophyllum_pertusum,95.9,22.71,40.686,3.77
Stylophora_pistillata,47.3,22.8,40.128,4.34
Stylophora_pistillata,18.0,25.65,40.769,6.33
Dendrophyllia_sp,81.3,20.85,40.669,3.51
Dendrophyllia_sp,55.1,21.16,40.952,3.25
Desmophyllum_pertusum,152.4,19.66,40.383,3.85
Stylophora_pistillata,37.0,26.66,40.082,5.5
Dendrophyllia_sp,132.2,19.78,40.728,3.42
Dendrophyllia_sp,76.3,23.52,41.594,3.71
Stylophora_pistillata,1.6,30.58,40.977,3.75
Stylophora_pistillata,29.3,21.25,40.643,5.48
Desmophyllum_pertusum,117.2,22.1,41.512,3.33
Desmophyllum_pertusum,95.5,20.36,40.763,4.32
Dendrophyllia_sp,77.0,22.4,40.019,4.39
Stylophora_pistillata,42.5,28.97,40.781,4.82
Stylophora_pistillata,36.3,26.93,41.183,5.44
Stylophora_pistillata,33.5,24.61,40.265,4.13
Stylophora_pistillata,34.0,24.89,40.496,3.83
Stylophora_pistillata,39.2,24.7,40.624,6.06
Stylophora_pistillata,32.3,22.59,39.58,4.66
Stylophora_pistillata,54.2,24.58,40.507,4.52
Desmophyllum_pertusum,111.8,20.39,40.721,3.75
Stylophora_pistillata,17.0,26.21,40.775,5.47
Dendrophyllia_sp,145.9,23.55,41.21,4.14
Desmophyllum_pertusum,128.6,21.28,39.874,0.0
Desmophyllum_pertusum,164.5,21.14,39.797,3.09
Desmophyllum_pertusum,112.7,16.79,40.261,3.2
Dendrophyllia_sp,103.9,22.37,39.038,4.97
Stylophora_pistillata,30.6,28.31,39.221,3.67
Stylophora_pistillata,17.0,27.29,40.419,5.8
Dendrophyllia_sp,100.3,27.34,40.259,5.19
Dendrophyllia_sp,109.9,21.55,40.731,3.63
Desmophyllum_pertusum,178.2,20.5,40.571,1.83
Desmophyllum_pertusum,222.1,22.77,40.215,3.48
Desmophyllum_pertusum,137.0,26.6,40.427,3.48
Desmophyllum_pertusum,134.6,22.5,42.055,5.0
Stylophora_pistillata,11.9,25.64,40.61,4.78
Stylophora_pistillata,23.7,27.35,40.77,4.57
Dendrophyllia_sp,56.4,25.14,40.276,4.25
Stylophora_pistillata,29.9,27.34,40.306,4.13
Dendrophyllia_sp,86.4,23.19,40.682,4.86
Desmophyllum_pertusum,225.3,22.02,41.464,5.29
Stylophora_pistillata,40.5,26.84,40.237,5.39
Desmophyllum_pertusum,157.5,22.46,41.247,4.05
Dendrophyllia_sp,106.5,25.54,39.817,4.55
Desmophyllum_pertusum,135.2,22.29,40.704,1.22
Desmophyllum_pertusum,177.1,21.73,40.407,4.01
Desmophyllum_pertusum,123.1,21.53,39.92,4.24
Dendrophyllia_sp,93.5,23.62,41.073,5.11
Dendrophyllia_sp,96.8,25.65,40.416,4.34
Dendrophyllia_sp,90.1,23.89,40.03,4.09
Stylophora_pistillata,43.4,28.07,40.035,3.52
Desmophyllum_pertusum,165.6,26.91,41.182,3.74
Dendrophyllia_sp,82.2,24.99,40.593,3.93
Desmophyllum_pertusum,209.9,24.5,41.007,4.19
Stylophora_pistillata,5.3,26.34,39.997,4.89
Desmophyllum_pertusum,172.1,22.68,39.837,3.39
Stylophora_pistillata,32.1,25.0,40.419,5.5
Desmophyllum_pertusum,145.6,22.99,40.71,2.61
Dendrophyllia_sp,58.4,23.65,40.595,4.25
Desmophyllum_pertusum,152.2,24.69,39.738,3.26
Dendrophyllia_sp,67.4,24.66,40.383,4.24
Desmophyllum_pertusum,147.0,21.52,40.849,2.75
Dendrophyllia_sp,120.4,26.49,40.726,4.33
Desmophyllum_pertusum,186.7,20.61,39.256,3.33
Desmophyllum_pertusum,119.5,22.08,40.395,3.68
Stylophora_pistillata,42.8,25.22,40.381,5.8
Dendrophyllia_sp,39.6,18.91,40.592,4.43
Dendrophyllia_sp,117.5,24.0,40.714,2.97
Desmophyllum_pertusum,149.4,20.62,41.222,2.51
Stylophora_pistillata,52.3,26.17,40.773,5.65
Stylophora_pistillata,58.0,22.03,40.067,5.69
Stylophora_pistillata,22.6,27.14,40.803,5.45
Stylophora_pistillata,40.6,26.02,39.43,5.85
Dendrophyllia_sp,116.2,24.27,40.901,3.74
Dendrophyllia_sp,131.4,21.17,40.037,4.38
Dendrophyllia_sp,74.4,17.98,40.267,5.28
Stylophora_pistillata,31.7,29.49,40.712,4.78
Desmophyllum_pertusum,154.2,18.95,40.8,1.58
Dendrophyllia_sp,58.3,20.94,41.278,4.36
Stylophora_pistillata,6.2,22.24,40.695,6.5
Stylophora_pistillata,30.0,30.8,40.479,6.79
Stylophora_pistillata,59.0,24.21,40.264,4.67
Stylophora_pistillata,10.7,28.18,40.769,5.57
Desmophyllum_pertusum,203.4,21.91,41.232,2.24
Stylophora_pistillata,45.0,27.83,41.032,5.86
Stylophora_pistillata,28.5,21.83,39.84,4.85
Dendrophyllia_sp,68.2,18.48,40.163,1.98
Dendrophyllia_sp,46.5,23.78,40.732,4.53
Stylophora_pistillata,27.1,24.67,41.173,4.76
Desmophyllum_pertusum,147.3,20.86,40.358,3.15
Desmophyllum_pertusum,125.8,17.59,41.137,3.9
Desmophyllum_pertusum,194.4,21.19,41.026,2.61
Dendrophyllia_sp,86.7,27.78,40.707,5.12
Desmophyllum_pertusum,195.1,23.55,41.253,2.2
Desmophyllum_pertusum,161.9,22.93,40.656,3.2
Dendrophyllia_sp,84.8,26.35,40.699,3.17
Stylophora_pistillata,17.9,29.01,40.677,4.0
Dendrophyllia_sp,101.3,23.61,40.516,2.9
Dendrophyllia_sp,75.9,21.3,40.47,4.45
Dendrophyllia_sp,52.7,26.23,40.777,4.14
Stylophora_pistillata,27.8,28.58,39.857,5.72
Dendrophyllia_sp,106.1,25.34,40.88,4.57
Dendrophyllia_sp,56.3,27.59,40.467,3.63
Dendrophyllia_sp,103.4,23.49,41.056,4.36
Dendrophyllia_sp,46.1,23.19,40.552,5.38
Stylophora_pistillata,35.0,26.63,39.732,5.38
Desmophyllum_pertusum,155.1,22.0,40.667,1.98
Desmophyllum_pertusum,107.2,22.73,40.742,2.47
Desmophyllum_pertusum,165.5,24.18,41.012,5.01
Dendrophyllia_sp,63.4,23.58,40.9,5.08
Stylophora_pistillata,9.7,24.89,40.58,5.56
Desmophyllum_pertusum,210.7,24.7,39.821,0.48
Dendrophyllia_sp,95.6,26.21,40.562,3.53
Dendrophyllia_sp,103.5,23.11,40.577,3.58
Stylophora_pistillata,10.3,27.74,39.989,5.32
Desmophyllum_pertusum,97.2,26.47,39.866,2.82
Dendrophyllia_sp,86.1,25.79,40.65,4.95
Dendrophyllia_sp,114.4,27.18,40.598,3.63
Desmophyllum_pertusum,119.7,22.66,40.815,3.8
Desmophyllum_pertusum,117.8,21.49,40.933,2.68
Stylophora_pistillata,54.1,28.38,40.242,4.9
Desmophyllum_pertusum,142.1,25.27,40.747,1.99
Dendrophyllia_sp,33.9,23.56,39.649,2.76
Desmophyllum_pertusum,131.5,19.59,40.309,1.96
Stylophora_pistillata,21.3,23.29,40.926,4.2
Dendrophyllia_sp,117.5,24.59,40.675,3.15
Dendrophyllia_sp,54.9,23.6,41.273,4.83
Stylophora_pistillata,18.8,23.63,41.416,3.14
Stylophora_pistillata,42.2,25.17,40.361,5.64
Desmophyllum_pertusum,183.8,16.91,41.421,4.99
Desmophyllum_pertusum,173.5,22.41,40.143,2.74
Dendrophyllia_sp,122.3,24.11,41.049,5.08
Dendrophyllia_sp,81.0,24.74,40.054,2.79
Dendrophyllia_sp,90.1,23.46,39.213,4.18
Dendrophyllia_sp,73.6,27.45,41.123,5.5
Desmophyllum_pertusum,127.5,24.48,41.74,2.12
Desmophyllum_pertusum,240.7,22.59,40.181,3.38
Stylophora_pistillata,36.9,23.24,40.571,5.2
Desmophyllum_pertusum,173.0,22.58,41.296,2.81
Desmophyllum_pertusum,141.8,16.5,41.086,2.5
Stylophora_pistillata,28.1,31.77,39.936,5.6
Dendrophyllia_sp,69.2,24.79,40.906,2.86
Stylophora_pistillata,25.7,26.57,40.288,4.96
Desmophyllum_pertusum,211.3,21.62,40.743,3.22
Dendrophyllia_sp,115.7,22.46,40.277,4.26
Stylophora_pistillata,33.0,26.43,40.816,4.84
Stylophora_pistillata,31.5,28.59,40.873,4.42
Stylophora_pistillata,11.5,23.99,40.299,5.1
Dendrophyllia_sp,50.7,26.87,40.767,4.27
Desmophyllum_pertusum,127.6,17.96,41.474,3.47
Dendrophyllia_sp,63.4,26.2,40.09,3.66
Dendrophyllia_sp,104.9,22.83,40.405,4.51
Stylophora_pistillata,42.0,24.03,39.87,4.3
Desmophyllum_pertusum,84.0,22.02,40.314,5.08
Dendrophyllia_sp,66.1,21.82,41.239,3.84
Dendrophyllia_sp,98.2,25.11,40.146,5.02
Desmophyllum_pertusum,144.2,20.11,40.538,3.15
Stylophora_pistillata,23.8,26.82,40.481,4.18
Dendrophyllia_sp,99.5,19.94,40.381,3.03
Stylophora_pistillata,23.8,25.74,40.594,4.27
Desmophyllum_pertusum,120.3,25.32,40.545,3.66
Desmophyllum_pertusum,145.1,22.19,41.706,1.87
Stylophora_pistillata,8.6,26.89,40.633,5.15
Desmophyllum_pertusum,166.9,26.16,40.791,1.26
Dendrophyllia_sp,114.2,23.11,40.29,3.54
Stylophora_pistillata,23.8,29.78,39.832,5.45
Desmophyllum_pertusum,175.8,22.61,40.573,2.75
Dendrophyllia_sp,65.4,26.6,39.084,2.78
Dendrophyllia_sp,72.5,23.34,40.718,5.2
Desmophyllum_pertusum,162.4,31.41,39.926,3.34
Dendrophyllia_sp,72.2,24.15,40.433,4.36
Desmophyllum_pertusum,145.3,18.98,40.838,3.07
Desmophyllum_pertusum,196.4,21.33,41.099,3.43
Desmophyllum_pertusum,147.4,23.06,41.321,3.21
Stylophora_pistillata,27.5,24.64,40.325,4.7
Dendrophyllia_sp,69.0,22.65,40.581,5.48
Desmophyllum_pertusum,164.1,21.49,41.215,4.37
Dendrophyllia_sp,74.5,23.78,41.175,3.61
Dendrophyllia_sp,85.9,23.38,40.57,4.96
Stylophora_pistillata,27.2,26.62,41.109,4.95
Stylophora_pistillata,27.8,26.41,40.995,5.12
Desmophyllum_pertusum,210.3,20.62,39.911,4.31
Dendrophyllia_sp,72.2,21.58,41.591,3.33
Stylophora_pistillata,54.7,28.14,40.681,4.42
Desmophyllum_pertusum,145.8,16.59,39.972,3.19
Dendrophyllia_sp,59.0,23.44,40.672,3.09
Desmophyllum_pertusum,152.5,15.39,40.306,2.03
Desmophyllum_pertusum,94.4,21.28,40.455,2.92
Stylophora_pistillata,29.4,25.76,41.715,5.01
Desmophyllum_pertusum,202.0,22.08,40.408,1.89
Desmophyllum_pertusum,116.6,20.82,40.445,3.66
Stylophora_pistillata,16.6,23.12,41.106,5.69
Stylophora_pistillata,11.2,22.14,39.881,4.46
Dendrophyllia_sp,82.7,22.33,41.343,3.23
Desmophyllum_pertusum,163.7,19.69,41.284,1.25
Stylophora_pistillata,17.1,23.41,40.931,4.01
Desmophyllum_pertusum,163.6,23.03,39.948,3.97
Dendrophyllia_sp,106.9,21.64,40.267,4.06
Desmophyllum_pertusum,174.2,24.23,40.612,4.05
Stylophora_pistillata,24.5,29.0,40.023,6.69
Dendrophyllia_sp,78.6,23.04,40.304,3.47
Desmophyllum_pertusum,176.5,20.55,40.302,3.59
Dendrophyllia_sp,64.6,21.6,40.419,3.19
Stylophora_pistillata,36.1,23.5,40.32,5.61
Dendrophyllia_sp,73.1,23.28,40.291,2.31
Stylophora_pistillata,0.4,28.39,41.265,5.38
Desmophyllum_pertusum,146.2,19.44,40.61,3.19
Stylophora_pistillata,31.2,26.77,40.471,6.03
Dendrophyllia_sp,75.1,24.49,40.414,3.36
Dendrophyllia_sp,99.3,21.51,40.802,4.83
Stylophora_pistillata,34.5,27.75,39.731,4.6
Stylophora_pistillata,37.6,24.24,41.106,4.43
Desmophyllum_pertusum,219.4,22.17,40.601,2.79
Stylophora_pistillata,26.4,24.48,40.941,5.23
Desmophyllum_pertusum,178.8,23.17,40.562,1.1
Desmophyllum_pertusum,187.0,17.7,39.806,3.88
Desmophyllum_pertusum,126.2,19.74,40.102,2.94
Desmophyllum_pertusum,142.6,21.82,39.506,3.98
Dendrophyllia_sp,73.6,27.01,40.669,4.91
Desmophyllum_pertusum,112.5,20.42,40.89,3.35
Desmophyllum_pertusum,125.0,25.52,40.27,3.0
Stylophora_pistillata,3.9,24.73,41.12,5.56
Desmophyllum_pertusum,257.4,27.11,40.598,2.36
Desmophyllum_pertusum,113.8,22.76,40.163,2.82
Dendrophyllia_sp,41.9,21.59,39.948,4.34
Desmophyllum_pertusum,155.4,24.8,40.799,1.66
Dendrophyllia_sp,57.0,25.16,40.66,3.86
Stylophora_pistillata,32.6,27.53,40.018,5.81
Stylophora_pistillata,54.4,23.62,41.217,5.87
Dendrophyllia_sp,86.2,25.07,40.409,4.06
Dendrophyllia_sp,67.6,25.15,39.468,3.22
Stylophora_pistillata,19.7,25.73,40.095,5.85
Dendrophyllia_sp,135.5,24.43,40.461,4.41
Desmophyllum_pertusum,102.2,20.01,40.081,3.06
Dendrophyllia_sp,67.4,24.27,40.115,3.67
Stylophora_pistillata,26.1,24.29,40.94,4.18
Stylophora_pistillata,55.4,22.85,40.389,4.36
Stylophora_pistillata,12.8,27.01,40.477,6.19
Dendrophyllia_sp,59.2,20.52,39.916,3.19
Dendrophyllia_sp,109.5,25.09,40.593,1.97
Stylophora_pistillata,37.1,26.8,40.92,4.61
Desmophyllum_pertusum,135.8,22.72,40.352,1.53
Dendrophyllia_sp,81.7,23.45,40.682,3.79
Desmophyllum_pertusum,159.1,21.47,40.513,1.64
Dendrophyllia_sp,27.4,17.36,40.561,2.79
Desmophyllum_pertusum,194.1,25.87,40.777,4.4
Dendrophyllia_sp,25.6,25.85,40.182,4.34
Desmophyllum_pertusum,144.9,20.88,41.526,0.07
Desmophyllum_pertusum,145.3,19.22,41.875,4.06
Stylophora_pistillata,55.2,29.12,40.256,6.68
Stylophora_pistillata,42.3,27.29,41.053,5.6
Stylophora_pistillata,43.8,25.33,41.077,4.19
Desmophyllum_pertusum,205.5,21.06,40.324,4.45
Stylophora_pistillata,30.9,29.06,39.803,5.53
Stylophora_pistillata,21.5,26.28,40.033,4.58
Desmophyllum_pertusum,158.5,20.21,40.523,1.69
Stylophora_pistillata,30.8,28.73,40.198,5.6
Desmophyllum_pertusum,183.0,22.78,40.653,0.71
Dendrophyllia_sp,99.6,25.26,40.699,2.01
Stylophora_pistillata,17.6,24.84,39.186,4.06
Dendrophyllia_sp,67.0,23.56,39.947,4.42
Desmophyllum_pertusum,172.9,19.21,40.475,3.34
Dendrophyllia_sp,76.0,24.12,40.227,3.91
Stylophora_pistillata,52.8,27.37,40.301,6.17
Stylophora_pistillata,20.8,26.33,40.095,4.7
Desmophyllum_pertusum,87.4,19.53,40.469,2.09
Dendrophyllia_sp,57.8,27.45,40.224,3.71
Stylophora_pistillata,44.0,26.37,40.696,6.0
Dendrophyllia_sp,83.6,26.07,40.105,3.54
Desmophyllum_pertusum,105.2,17.96,41.34,4.6
Stylophora_pistillata,31.1,23.41,40.041,4.44
Stylophora_pistillata,6.2,28.96,40.893,4.67
Stylophora_pistillata,28.4,28.0,40.877,6.52
Stylophora_pistillata,24.0,25.37,41.041,3.87
Dendrophyllia_sp,59.4,22.2,40.5,5.64
Stylophora_pistillata,18.3,28.16,40.292,3.92
Desmophyllum_pertusum,141.9,20.52,40.359,3.87
Desmophyllum_pertusum,146.2,22.83,40.089,3.38
Desmophyllum_pertusum,205.6,23.62,40.313,2.01
Stylophora_pistillata,22.5,23.16,40.181,4.33
Stylophora_pistillata,50.1,24.61,39.922,3.79
Desmophyllum_pertusum,182.1,20.81,40.121,3.18
Stylophora_pistillata,41.7,25.14,40.775,5.33
Dendrophyllia_sp,83.7,24.91,39.457,4.01
Dendrophyllia_sp,60.0,21.35,40.435,3.99
Dendrophyllia_sp,110.1,25.94,40.287,4.65
Stylophora_pistillata,18.6,26.36,41.243,6.01
Stylophora_pistillata,31.1,25.7,40.458,5.95
Stylophora_pistillata,38.1,27.96,41.347,4.02
Desmophyllum_pertusum,115.6,26.59,40.689,3.38
Dendrophyllia_sp,60.9,18.01,40.61,4.36
Desmophyllum_pertusum,87.9,23.8,40.396,2.49
Dendrophyllia_sp,45.4,25.98,40.135,4.8
Dendrophyllia_sp,77.8,24.33,40.554,2.97
Desmophyllum_pertusum,150.6,24.1,40.512,1.86
Dendrophyllia_sp,14.5,20.51,41.046,4.07
Stylophora_pistillata,20.7,27.17,41.035,5.4
Stylophora_pistillata,33.0,27.08,41.049,4.33
Stylophora_pistillata,37.6,25.2,40.739,3.87
Desmophyllum_pertusum,177.2,23.66,40.038,3.9
Stylophora_pistillata,41.5,26.07,41.214,4.17
Dendrophyllia_sp,43.1,23.73,40.154,3.64
Desmophyllum_pertusum,71.2,22.4,40.453,3.17
Dendrophyllia_sp,80.9,24.69,40.624,3.98
Dendrophyllia_sp,39.4,26.56,41.069,3.77
Desmophyllum_pertusum,154.4,19.16,41.001,2.48
Dendrophyllia_sp,67.6,24.29,40.161,3.11
Desmophyllum_pertusum,145.6,20.2,40.806,1.0
Dendrophyllia_sp,99.9,23.62,40.04,3.74
Dendrophyllia_sp,67.7,24.58,40.454,4.36
Stylophora_pistillata,10.6,25.59,40.504,5.18
Stylophora_pistillata,32.7,26.29,40.621,6.01
Desmophyllum_pertusum,136.5,25.16,40.877,4.64
Stylophora_pistillata,51.7,26.03,41.15,5.63
Stylophora_pistillata,49.7,25.12,40.223,4.5
Stylophora_pistillata,24.3,25.75,39.908,4.68
Stylophora_pistillata,49.4,26.03,40.581,6.9
Stylophora_pistillata,48.0,23.05,40.335,4.7
Desmophyllum_pertusum,178.8,23.08,40.609,3.47
Stylophora_pistillata,45.5,23.15,40.301,4.22
Stylophora_pistillata,15.5,25.38,40.145,4.51
Stylophora_pistillata,54.1,26.32,40.808,4.29
Dendrophyllia_sp,71.8,26.0,41.074,3.11
Stylophora_pistillata,19.5,25.53,39.796,5.17
Stylophora_pistillata,29.9,25.57,40.136,4.7
Stylophora_pistillata,58.1,29.24,40.9,4.23
Stylophora_pistillata,53.2,30.83,40.285,4.62
Dendrophyllia_sp,85.2,23.6,40.532,6.14
Stylophora_pistillata,29.9,22.02,40.345,5.33
Dendrophyllia_sp,33.9,21.77,40.768,3.95
Dendrophyllia_sp,82.6,26.06,39.625,3.52
Desmophyllum_pertusum,196.0,21.56,40.222,4.19
Desmophyllum_pertusum,172.4,17.96,40.479,2.63
Dendrophyllia_sp,54.2,30.0,41.676,3.69
Dendrophyllia_sp,44.6,24.55,40.078,4.81
Desmophyllum_pertusum,153.1,20.07,39.764,4.6
Stylophora_pistillata,30.9,27.9,40.924,4.19
Dendrophyllia_sp,11.2,25.06,39.91,2.89
Dendrophyllia_sp,91.8,22.2,40.829,5.21
Dendrophyllia_sp,33.5,26.16,40.598,3.54
Dendrophyllia_sp,40.9,26.56,39.827,4.19
Desmophyllum_pertusum,205.0,19.81,40.229,3.79
Stylophora_pistillata,51.6,24.08,41.058,4.54
Stylophora_pistillata,32.8,27.18,40.525,4.93
Dendrophyllia_sp,99.2,27.29,40.79,4.11
Stylophora_pistillata,38.2,30.03,41.229,6.03
Dendrophyllia_sp,42.6,24.89,39.863,4.15
Desmophyllum_pertusum,165.2,21.1,39.707,2.99
Stylophora_pistillata,20.1,27.63,40.222,5.48
Stylophora_pistillata,50.0,24.48,39.512,6.55
Desmophyllum_pertusum,180.0,21.51,40.883,3.86
Stylophora_pistillata,37.7,21.84,40.515,4.74
Dendrophyllia_sp,73.2,23.54,39.988,3.64
Stylophora_pistillata,22.2,25.8,40.256,3.72
Desmophyllum_pertusum,175.3,23.44,40.487,2.46
Desmophyllum_pertusum,165.1,21.84,40.24,2.42
Dendrophyllia_sp,40.5,26.5,39.858,4.26
Stylophora_pistillata,49.8,25.42,40.854,5.33
Stylophora_pistillata,71.2,23.87,39.924,5.8
Desmophyllum_pertusum,36.4,20.51,40.025,2.47
Dendrophyllia_sp,75.0,24.51,40.115,4.61
Dendrophyllia_sp,49.2,21.61,40.62,4.03
Dendrophyllia_sp,90.0,27.43,40.73,2.69
Desmophyllum_pertusum,157.8,24.92,40.664,3.45
Dendrophyllia_sp,101.0,21.56,40.458,4.75
Desmophyllum_pertusum,198.5,23.53,40.786,4.13
Stylophora_pistillata,19.4,27.33,40.494,4.21
Stylophora_pistillata,31.9,25.22,40.296,4.76
Desmophyllum_pertusum,208.9,24.62,40.54,2.78
Dendrophyllia_sp,58.5,27.37,40.186,5.2
Dendrophyllia_sp,7.7,25.4,41.117,3.86
Stylophora_pistillata,14.5,27.3,39.75,5.65
Dendrophyllia_sp,60.5,27.03,40.4,3.61
Desmophyllum_pertusum,159.3,26.12,40.351,3.57
Desmophyllum_pertusum,252.8,25.26,40.427,2.63
Dendrophyllia_sp,72.0,27.65,41.398,3.07
Dendrophyllia_sp,99.9,28.21,40.132,4.8
Desmophyllum_pertusum,216.2,22.24,40.519,2.93
Desmophyllum_pertusum,207.6,21.89,40.628,3.34
Stylophora_pistillata,37.3,26.76,39.321,5.25
Desmophyllum_pertusum,129.4,20.97,40.117,3.24
Desmophyllum_pertusum,148.6,21.37,40.073,3.42
Stylophora_pistillata,5.4,28.29,40.351,4.92
Desmophyllum_pertusum,140.1,18.91,40.73,2.84
Stylophora_pistillata,27.4,25.96,40.464,4.84
Dendrophyllia_sp,63.9,21.57,40.261,4.79
Desmophyllum_pertusum,164.4,23.35,40.758,2.87
Stylophora_pistillata,3.8,26.79,39.646,5.21
Dendrophyllia_sp,145.9,26.24,40.839,4.02
Dendrophyllia_sp,79.5,16.48,39.677,4.46
Stylophora_pistillata,39.1,27.11,40.301,5.69
Desmophyllum_pertusum,197.4,20.35,40.459,4.33
Desmophyllum_pertusum,193.6,19.08,40.762,2.35
Desmophyllum_pertusum,199.2,21.36,41.428,3.02
Stylophora_pistillata,22.8,26.84,40.724,4.74
Stylophora_pistillata,25.4,25.85,40.234,4.88
Desmophyllum_pertusum,139.4,18.86,40.302,4.36
Desmophyllum_pertusum,104.8,21.88,40.2,2.82
Stylophora_pistillata,46.5,27.18,40.351,4.41
Desmophyllum_pertusum,136.5,16.19,41.038,3.59
Desmophyllum_pertusum,158.4,21.28,40.608,3.52
Dendrophyllia_sp,94.4,23.02,40.176,3.51
Desmophyllum_pertusum,165.1,23.52,39.556,2.71
Desmophyllum_pertusum,126.1,20.91,40.321,2.24
Desmophyllum_pertusum,140.2,18.85,39.489,1.78
Dendrophyllia_sp,77.5,27.81,41.101,4.06
Desmophyllum_pertusum,173.7,24.32,40.631,3.97
Dendrophyllia_sp,64.8,24.83,41.303,4.0
Dendrophyllia_sp,57.6,23.65,41.103,4.96
Dendrophyllia_sp,41.8,23.04,40.288,3.46
Dendrophyllia_sp,45.9,24.01,39.783,3.81
Stylophora_pistillata,1.6,25.61,41.266,4.63
Dendrophyllia_sp,80.8,22.98,40.302,4.8
Stylophora_pistillata,27.5,24.76,39.951,4.58
Desmophyllum_pertusum,143.2,21.07,40.841,1.21
Stylophora_pistillata,12.7,26.84,39.468,6.25
Desmophyllum_pertusum,137.3,20.39,40.274,3.55
Desmophyllum_pertusum,219.9,21.91,40.509,1.42
Stylophora_pistillata,9.8,25.85,40.296,4.49
Dendrophyllia_sp,34.2,22.49,40.796,4.25
Stylophora_pistillata,40.2,24.94,40.11,4.94
Dendrophyllia_sp,102.0,22.69,40.438,4.03
Desmophyllum_pertusum,117.8,19.91,40.596,2.1
Dendrophyllia_sp,57.7,24.2,40.648,4.84
Stylophora_pistillata,18.4,26.76,40.998,4.53
Dendrophyllia_sp,42.3,22.48,40.788,3.68
Dendrophyllia_sp,76.3,23.88,40.858,4.38
Dendrophyllia_sp,83.0,20.51,40.05,4.98
Desmophyllum_pertusum,111.4,23.53,40.744,3.51
Stylophora_pistillata,46.1,31.93,40.88,5.86
Desmophyllum_pertusum,182.3,21.67,41.102,2.88
Stylophora_pistillata,35.1,23.88,39.805,3.0
Dendrophyllia_sp,106.0,23.5,40.787,4.43
Dendrophyllia_sp,98.2,21.52,40.675,4.74
Stylophora_pistillata,17.3,25.99,40.504,5.3
Dendrophyllia_sp,123.2,26.93,40.655,3.78
Dendrophyllia_sp,54.5,15.7,40.119,4.54
Stylophora_pistillata,33.0,25.36,40.668,3.98
Dendrophyllia_sp,94.4,23.68,40.367,3.23
Dendrophyllia_sp,35.5,24.85,40.298,2.69
Desmophyllum_pertusum,176.9,22.64,40.99,1.88
Dendrophyllia_sp,101.3,25.04,40.694,4.09
Dendrophyllia_sp,104.5,19.89,40.151,4.87
Dendrophyllia_sp,95.9,25.12,39.816,4.72
Stylophora_pistillata,39.5,24.73,40.841,4.44
Stylophora_pistillata,36.3,24.84,40.501,5.7
Stylophora_pistillata,36.8,25.44,40.965,3.5
Dendrophyllia_sp,67.3,19.35,40.478,4.18
Desmophyllum_pertusum,143.7,24.5,40.324,3.55
Desmophyllum_pertusum,169.6,19.47,39.75,3.25
Stylophora_pistillata,16.1,24.82,40.362,4.54
Stylophora_pistillata,66.0,31.35,40.037,4.86
Stylophora_pistillata,22.7,28.15,41.538,5.4
Desmophyllum_pertusum,139.6,19.52,40.517,1.85
Stylophora_pistillata,37.5,24.24,40.181,5.59
Desmophyllum_pertusum,161.4,22.64,39.032,2.39
Desmophyllum_pertusum,114.6,22.32,40.46,3.69
Dendrophyllia_sp,57.8,26.13,40.381,3.9
Stylophora_pistillata,23.3,23.99,40.174,5.82
Dendrophyllia_sp,57.4,23.76,40.579,4.66
Stylophora_pistillata,56.0,24.33,40.433,4.83
Stylophora_pistillata,21.1,25.4,40.208,5.65
Dendrophyllia_sp,75.0,21.97,39.178,4.38
Desmophyllum_pertusum,136.5,21.66,40.568,3.73
Dendrophyllia_sp,61.7,23.93,40.519,4.13
Dendrophyllia_sp,64.7,24.49,39.414,4.44
Dendrophyllia_sp,104.1,24.91,39.697,3.09
Stylophora_pistillata,15.3,27.67,40.541,4.76
Stylophora_pistillata,19.0,24.66,41.074,4.3
Stylophora_pistillata,44.1,28.49,40.57,5.26
Desmophyllum_pertusum,195.8,16.32,40.447,2.98
Desmophyllum_pertusum,135.5,23.19,40.584,2.96
Stylophora_pistillata,18.9,25.79,41.236,6.47
Stylophora_pistillata,20.2,26.12,40.565,4.77
Stylophora_pistillata,29.9,26.36,40.203,7.22
Dendrophyllia_sp,119.5,25.7,40.602,3.42
Dendrophyllia_sp,73.8,25.57,40.812,4.04
Dendrophyllia_sp,77.5,26.33,40.414,2.94
Stylophora_pistillata,25.1,23.68,40.7,5.16
Dendrophyllia_sp,71.9,23.8,40.982,3.69
Desmophyllum_pertusum,169.2,19.89,40.019,3.82
Desmophyllum_pertusum,150.9,20.11,40.325,2.93
Dendrophyllia_sp,102.4,26.83,40.128,3.46
Desmophyllum_pertusum,99.1,19.51,40.635,2.71
Dendrophyllia_sp,87.8,21.79,40.905,4.2
Stylophora_pistillata,38.7,25.74,40.258,6.13
Stylophora_pistillata,48.1,28.2,40.181,4.08
Dendrophyllia_sp,94.2,22.61,40.885,3.63
Desmophyllum_pertusum,70.9,24.17,40.476,3.23
Desmophyllum_pertusum,186.4,24.81,40.46,4.01
Dendrophyllia_sp,0.7,21.97,40.176,4.29
Desmophyllum_pertusum,107.5,19.91,39.958,3.47
Desmophyllum_pertusum,164.3,24.52,40.645,3.69
Desmophyllum_pertusum,114.0,23.34,41.529,2.17
Dendrophyllia_sp,126.3,22.37,40.59,3.17
Desmophyllum_pertusum,112.9,21.76,40.436,3.03
Dendrophyllia_sp,65.2,24.72,39.921,3.26
Dendrophyllia_sp,55.1,24.62,40.374,3.05
Desmophyllum_pertusum,160.2,24.21,40.297,0.79
Stylophora_pistillata,46.2,25.34,40.091,2.38
Dendrophyllia_sp,82.0,22.35,40.569,4.54
Desmophyllum_pertusum,179.2,20.7,40.415,0.91
Dendrophyllia_sp,71.5,24.59,40.748,3.53
Stylophora_pistillata,29.2,25.73,41.417,6.72
Stylophora_pistillata,12.0,28.41,40.207,4.33
Desmophyllum_pertusum,120.4,23.3,40.29,4.43
Stylophora_pistillata,14.0,30.76,40.981,5.44
Desmophyllum_pertusum,112.4,24.32,39.836,2.97
Stylophora_pistillata,53.6,27.12,40.48,4.92
Stylophora_pistillata,45.1,28.56,40.573,4.7
Desmophyllum_pertusum,193.9,21.24,41.005,3.28
Desmophyllum_pertusum,131.3,20.48,40.173,4.35
Dendrophyllia_sp,104.5,20.22,40.985,5.12
Desmophyllum_pertusum,143.7,24.81,40.357,2.19
Stylophora_pistillata,24.8,26.44,40.314,4.94
Desmophyllum_pertusum,197.3,26.69,40.974,3.87
Dendrophyllia_sp,100.4,23.97,40.381,2.87
Stylophora_pistillata,22.0,26.3,41.129,5.04
Desmophyllum_pertusum,157.4,23.97,40.041,4.22
Desmophyllum_pertusum,140.0,20.24,40.378,2.28
Stylophora_pistillata,29.7,25.94,40.685,4.24
Stylophora_pistillata,31.8,26.99,40.578,3.63
Dendrophyllia_sp,59.4,20.95,40.438,3.54
Stylophora_pistillata,14.0,27.6,39.629,5.12
Dendrophyllia_sp,89.5,22.89,40.802,3.28
Desmophyllum_pertusum,114.2,22.61,39.569,4.33
Desmophyllum_pertusum,53.4,22.05,39.582,1.99
Desmophyllum_pertusum,216.5,22.61,41.207,3.59
Dendrophyllia_sp,103.9,24.35,39.897,3.22
Desmophyllum_pertusum,147.1,24.05,40.544,1.62
Dendrophyllia_sp,98.0,23.28,40.72,4.14
Stylophora_pistillata,63.1,28.4,40.894,3.99
Desmophyllum_pertusum,155.6,24.35,41.205,3.04
Stylophora_pistillata,13.2,25.65,40.027,5.07
Stylophora_pistillata,25.2,23.94,40.655,4.9
Stylophora_pistillata,54.3,30.82,40.524,4.26
Dendrophyllia_sp,75.7,21.48,40.72,2.33
Desmophyllum_pertusum,60.2,22.78,40.037,0.78
Stylophora_pistillata,15.6,27.13,40.542,6.31
Stylophora_pistillata,25.0,24.71,41.461,4.83
Stylophora_pistillata,20.1,24.25,40.856,3.08
Dendrophyllia_sp,157.8,27.66,40.136,3.62
Desmophyllum_pertusum,162.2,24.32,40.38,3.51
Stylophora_pistillata,45.4,26.83,40.794,4.58
Dendrophyllia_sp,78.3,24.39,39.703,4.32
Stylophora_pistillata,26.8,23.27,40.531,5.58
Stylophora_pistillata,64.6,26.98,40.866,5.79
Dendrophyllia_sp,93.5,24.58,41.593,4.72
Desmophyllum_pertusum,122.5,21.47,40.906,4.21
Stylophora_pistillata,50.7,21.85,40.715,4.98
Desmophyllum_pertusum,183.3,22.75,40.649,4.34
Dendrophyllia_sp,132.6,19.82,40.193,3.43
Desmophyllum_pertusum,125.7,19.46,40.872,2.56
Dendrophyllia_sp,74.9,22.37,40.303,4.67
Dendrophyllia_sp,58.2,24.73,40.481,3.59
Dendrophyllia_sp,117.5,21.76,40.595,4.68
Stylophora_pistillata,19.7,26.96,41.015,4.9
Desmophyllum_pertusum,190.1,19.8,39.645,3.57
Dendrophyllia_sp,66.1,24.0,40.563,3.58
Desmophyllum_pertusum,140.0,21.77,40.657,2.65
Dendrophyllia_sp,83.2,28.74,39.844,3.9
Stylophora_pistillata,18.2,27.41,40.624,5.95
Dendrophyllia_sp,82.0,27.13,41.315,4.59
Desmophyllum_pertusum,160.5,19.12,40.471,4.33
Desmophyllum_pertusum,79.9,25.35,40.133,2.41
Stylophora_pistillata,5.1,23.87,39.957,3.32
Dendrophyllia_sp,73.2,22.37,40.363,4.49
Desmophyllum_pertusum,149.4,23.18,40.718,3.67
Desmophyllum_pertusum,108.6,24.53,40.996,2.72
Desmophyllum_pertusum,132.2,20.88,40.189,3.63
Stylophora_pistillata,33.8,26.9,40.595,4.73
Stylophora_pistillata,43.6,26.25,40.394,4.9
Stylophora_pistillata,32.0,25.45,40.542,5.26
Stylophora_pistillata,29.4,22.49,40.081,5.1
Dendrophyllia_sp,101.5,26.09,39.503,3.86
Desmophyllum_pertusum,181.8,23.95,40.425,2.5
Stylophora_pistillata,33.5,27.91,41.329,3.81
Dendrophyllia_sp,93.7,28.5,39.573,2.96
Stylophora_pistillata,33.3,25.11,40.684,4.84
Desmophyllum_pertusum,135.2,22.43,41.366,2.08
Stylophora_pistillata,15.2,24.32,40.26,4.14
Desmophyllum_pertusum,167.4,23.24,40.326,2.41
Stylophora_pistillata,28.2,27.81,40.538,5.53
Stylophora_pistillata,14.6,26.12,39.961,5.09
Desmophyllum_pertusum,126.2,22.28,41.508,3.35
Stylophora_pistillata,30.5,21.34,40.667,4.54
Dendrophyllia_sp,97.5,25.83,40.214,3.84
Desmophyllum_pertusum,107.8,21.49,41.534,3.31
Stylophora_pistillata,32.7,27.68,40.079,4.92
Desmophyllum_pertusum,214.0,23.65,40.053,2.99
Dendrophyllia_sp,46.3,23.23,39.809,2.37
Dendrophyllia_sp,50.3,24.18,40.383,4.1
Stylophora_pistillata,23.4,28.44,40.991,4.48
Dendrophyllia_sp,112.4,22.83,39.836,4.7
Desmophyllum_pertusum,164.4,23.94,39.694,3.36
Dendrophyllia_sp,88.8,25.31,40.312,4.01
Dendrophyllia_sp,43.2,20.84,40.539,3.38
Dendrophyllia_sp,39.3,22.4,39.589,3.88
Stylophora_pistillata,46.8,24.95,39.638,5.48
Desmophyllum_pertusum,134.6,18.26,40.781,5.01
Stylophora_pistillata,41.5,24.04,40.629,5.23
Desmophyllum_pertusum,109.5,23.62,40.083,5.43
Desmophyllum_pertusum,139.1,24.47,40.594,2.19
Stylophora_pistillata,43.0,26.27,40.723,4.87
Stylophora_pistillata,16.0,28.17,39.695,5.17
Dendrophyllia_sp,62.6,30.42,40.138,4.43
Stylophora_pistillata,29.1,25.41,40.326,4.76
Stylophora_pistillata,41.6,26.67,39.649,5.73
Dendrophyllia_sp,66.0,21.36,41.582,4.21
Stylophora_pistillata,47.2,28.73,40.597,4.61
Desmophyllum_pertusum,193.7,20.92,40.326,3.89
Stylophora_pistillata,0.6,25.26,41.429,4.74
Desmophyllum_pertusum,196.4,24.92,39.861,3.18
Dendrophyllia_sp,86.5,23.72,40.716,5.15
Desmophyllum_pertusum,179.6,23.51,40.514,3.82
Stylophora_pistillata,19.3,27.37,40.921,4.88
Dendrophyllia_sp,80.6,20.8,39.892,2.72
Stylophora_pistillata,44.7,29.19,39.464,5.53
Desmophyllum_pertusum,157.1,19.34,41.046,0.82
Dendrophyllia_sp,43.1,20.8,40.216,3.52
Desmophyllum_pertusum,176.9,20.04,40.266,4.14
Stylophora_pistillata,19.7,26.42,40.397,4.42
Dendrophyllia_sp,108.0,23.85,40.533,2.93
Dendrophyllia_sp,60.1,22.57,38.964,3.06
Desmophyllum_pertusum,181.1,24.52,39.999,2.91
Dendrophyllia_sp,78.9,24.34,40.918,5.13
Desmophyllum_pertusum,166.8,23.54,40.926,3.76
Stylophora_pistillata,20.4,20.79,40.199,4.58
Desmophyllum_pertusum,124.7,24.74,40.035,2.35
Dendrophyllia_sp,81.8,24.8,40.449,2.87
Stylophora_pistillata,22.8,27.95,40.423,6.12
Desmophyllum_pertusum,123.6,28.71,40.187,2.35
Stylophora_pistillata,34.4,26.5,40.562,4.74
Stylophora_pistillata,20.0,27.51,40.459,5.8
Desmophyllum_pertusum,197.4,24.07,40.799,3.04
Desmophyllum_pertusum,219.6,20.58,40.396,2.06
Dendrophyllia_sp,104.5,25.0,40.239,3.33
Dendrophyllia_sp,89.7,21.93,40.535,5.44
Stylophora_pistillata,22.7,27.68,39.234,4.16
Stylophora_pistillata,26.6,25.72,40.864,5.11
Desmophyllum_pertusum,185.1,23.12,39.908,3.72
Stylophora_pistillata,14.6,17.17,40.166,5.49
Dendrophyllia_sp,60.5,24.91,40.382,3.09
Stylophora_pistillata,35.1,27.61,40.136,4.66
Dendrophyllia_sp,75.8,25.9,40.293,2.93
Stylophora_pistillata,39.7,29.28,40.414,4.05
Stylophora_pistillata,39.6,25.22,40.236,5.25
Desmophyllum_pertusum,185.3,18.32,40.188,0.0
Stylophora_pistillata,32.3,34.05,40.028,3.15
Desmophyllum_pertusum,132.9,22.19,40.496,1.78
Stylophora_pistillata,27.4,26.05,39.744,4.53
Dendrophyllia_sp,109.7,27.85,40.373,3.56
Stylophora_pistillata,18.3,25.83,39.778,5.93
Desmophyllum_pertusum,177.5,26.2,40.378,2.82
Desmophyllum_pertusum,142.9,22.15,40.83,1.62
Desmophyllum_pertusum,220.7,21.91,40.107,4.56
Stylophora_pistillata,32.4,25.66,40.458,4.74
Dendrophyllia_sp,84.3,27.26,40.931,6.08
Desmophyllum_pertusum,179.7,22.7,40.576,2.53
Dendrophyllia_sp,87.5,21.95,39.894,4.01
Stylophora_pistillata,40.9,25.36,39.083,5.43
Stylophora_pistillata,50.4,29.2,41.224,5.45
Stylophora_pistillata,44.1,29.13,40.092,6.12
Stylophora_pistillata,44.0,28.02,40.305,4.96
Dendrophyllia_sp,86.1,24.26,39.68,4.25
Stylophora_pistillata,15.6,27.39,40.582,5.57
Stylophora_pistillata,41.2,25.13,40.65,4.49
Stylophora_pistillata,23.2,26.9,40.68,4.63
Dendrophyllia_sp,67.5,23.63,39.997,4.41
Stylophora_pistillata,30.7,25.83,40.272,3.5
Desmophyllum_pertusum,209.6,19.46,39.909,2.83
Desmophyllum_pertusum,151.2,25.42,40.228,3.52
Stylophora_pistillata,24.4,26.29,40.881,5.9
Stylophora_pistillata,0.9,24.82,40.328,4.94
Desmophyllum_pertusum,66.6,20.26,40.532,3.51
Desmophyllum_pertusum,137.7,27.53,40.184,1.45
Desmophyllum_pertusum,74.9,22.9,40.186,2.74
Desmophyllum_pertusum,152.9,20.68,39.643,4.08
Desmophyllum_pertusum,113.9,21.36,40.568,0.59
Dendrophyllia_sp,78.7,24.52,40.295,3.55
Stylophora_pistillata,32.2,26.68,42.045,4.21
Stylophora_pistillata,34.2,25.23,39.878,5.16
Dendrophyllia_sp,79.3,24.73,39.785,4.6
Stylophora_pistillata,63.8,18.41,40.629,4.46
Desmophyllum_pertusum,153.1,22.69,40.123,2.64
Stylophora_pistillata,7.6,29.3,40.232,5.46
Stylophora_pistillata,18.2,27.2,40.682,3.87
Stylophora_pistillata,49.3,26.07,39.566,4.25
Desmophyllum_pertusum,85.0,16.99,40.57,3.3
Stylophora_pistillata,15.6,27.06,41.02,5.79
Stylophora_pistillata,12.9,29.21,40.089,5.5
Stylophora_pistillata,10.6,26.66,40.836,5.23
Desmophyllum_pertusum,81.6,20.69,40.246,2.28
Stylophora_pistillata,17.8,26.35,40.367,4.0
Desmophyllum_pertusum,190.3,22.94,40.299,3.57
Dendrophyllia_sp,85.3,27.46,40.369,5.65
Dendrophyllia_sp,85.5,21.24,40.836,4.66
Dendrophyllia_sp,124.3,30.64,39.454,4.11
Stylophora_pistillata,29.2,23.09,40.86,6.49
Stylophora_pistillata,21.8,27.59,40.398,5.33
Desmophyllum_pertusum,143.5,20.19,39.388,4.57
Stylophora_pistillata,22.2,26.68,40.361,5.52
Desmophyllum_pertusum,98.5,20.69,40.667,2.3
Stylophora_pistillata,16.6,26.72,40.744,4.27
Desmophyllum_pertusum,220.7,22.7,40.449,2.65
Dendrophyllia_sp,104.2,26.45,39.761,4.22
Stylophora_pistillata,77.2,32.04,40.583,5.86
Desmophyllum_pertusum,170.7,23.74,39.874,2.02
Desmophyllum_pertusum,68.7,22.45,39.505,5.09
Dendrophyllia_sp,63.1,23.02,40.761,4.17
Stylophora_pistillata,24.8,24.21,40.738,5.42
Stylophora_pistillata,10.2,25.2,41.126,5.39
Stylophora_pistillata,32.4,27.76,39.936,4.46
Dendrophyllia_sp,100.8,20.72,40.782,4.21
Dendrophyllia_sp,79.8,26.95,40.873,4.32
Desmophyllum_pertusum,122.9,24.37,40.842,2.06
Dendrophyllia_sp,102.1,29.22,40.501,4.57
Stylophora_pistillata,6.8,24.8,39.882,5.93
Dendrophyllia_sp,69.3,22.91,40.475,5.15
Stylophora_pistillata,38.3,27.41,40.438,4.58
Stylophora_pistillata,39.0,24.37,42.12,6.68
Dendrophyllia_sp,102.4,20.38,39.689,5.01
Stylophora_pistillata,13.5,27.37,40.646,3.28
Stylophora_pistillata,12.0,30.61,41.208,4.83
Stylophora_pistillata,17.6,26.19,41.295,4.17
Desmophyllum_pertusum,127.2,19.83,40.262,5.11
Dendrophyllia_sp,109.3,21.5,40.358,4.42
Stylophora_pistillata,39.6,26.87,40.711,5.45
Stylophora_pistillata,48.8,23.13,41.07,4.54
Desmophyllum_pertusum,116.5,24.2,40.74,2.81
Stylophora_pistillata,17.1,23.92,40.037,6.18
Desmophyllum_pertusum,141.0,26.98,40.445,2.72
Stylophora_pistillata,25.6,26.32,39.906,4.15
Dendrophyllia_sp,65.1,24.38,40.931,5.57
Dendrophyllia_sp,37.6,25.47,40.977,4.58
Stylophora_pistillata,48.3,26.4,40.256,4.84
Dendrophyllia_sp,100.8,20.64,40.875,3.31
Desmophyllum_pertusum,165.6,20.7,40.875,3.53
Stylophora_pistillata,30.3,30.64,40.59,5.48
Desmophyllum_pertusum,139.1,22.81,41.303,1.89
Desmophyllum_pertusum,168.7,23.15,40.083,1.49
Dendrophyllia_sp,123.4,23.28,41.404,4.39
Desmophyllum_pertusum,172.4,22.11,41.111,2.52
Stylophora_pistillata,32.0,24.64,40.188,3.5
Desmophyllum_pertusum,154.6,22.53,40.699,2.96
Dendrophyllia_sp,86.1,23.59,41.323,3.3
Desmophyllum_pertusum,251.7,22.47,40.812,2.28
Dendrophyllia_sp,52.5,25.2,40.029,3.25
Stylophora_pistillata,1.3,28.08,40.119,3.99
Dendrophyllia_sp,89.6,26.06,40.731,3.33
Stylophora_pistillata,11.5,29.06,39.779,4.38
Desmophyllum_pertusum,183.1,22.87,41.073,4.0
Stylophora_pistillata,24.0,23.8,40.511,4.01
Stylophora_pistillata,32.8,27.21,39.809,5.72
Desmophyllum_pertusum,64.4,21.71,41.605,4.33
Dendrophyllia_sp,112.3,26.16,40.192,3.61
Desmophyllum_pertusum,121.3,21.31,40.217,3.32
Desmophyllum_pertusum,90.7,21.25,40.554,1.32
Stylophora_pistillata,32.9,24.75,40.806,5.04
Dendrophyllia_sp,108.4,23.62,40.719,3.87
Stylophora_pistillata,15.2,25.5,40.681,6.66
Dendrophyllia_sp,56.7,27.82,41.027,4.16
Desmophyllum_pertusum,165.7,20.4,40.787,2.54
Dendrophyllia_sp,107.1,21.31,40.979,3.46
Dendrophyllia_sp,32.2,27.69,40.668,4.64
Desmophyllum_pertusum,121.8,17.19,40.544,1.74
Dendrophyllia_sp,104.3,23.9,39.82,3.76
Dendrophyllia_sp,34.9,29.4,40.262,2.51
Desmophyllum_pertusum,97.8,27.37,40.324,2.31
Stylophora_pistillata,27.2,28.4,39.65,4.97
Desmophyllum_pertusum,147.3,19.15,40.272,3.39
Desmophyllum_pertusum,201.4,23.16,41.415,4.05
Stylophora_pistillata,19.6,27.58,40.392,4.1
Stylophora_pistillata,13.0,32.03,39.782,4.95
Dendrophyllia_sp,89.3,25.24,40.298,4.31
Stylophora_pistillata,15.3,25.72,40.919,6.57
Stylophora_pistillata,14.9,25.34,40.887,6.13
Stylophora_pistillata,14.6,25.04,40.249,5.18
Dendrophyllia_sp,180.5,26.22,40.113,3.78
Stylophora_pistillata,24.2,27.78,40.403,6.29
Stylophora_pistillata,28.1,23.58,40.905,5.05
Desmophyllum_pertusum,186.0,22.93,39.571,4.22
Dendrophyllia_sp,67.1,26.3,40.059,3.62
Dendrophyllia_sp,89.7,22.12,40.327,3.28
Desmophyllum_pertusum,126.6,23.76,40.979,2.9
Stylophora_pistillata,46.9,24.7,40.636,4.89
Dendrophyllia_sp,64.0,23.54,40.845,4.97
Desmophyllum_pertusum,106.5,23.89,40.061,2.38
Desmophyllum_pertusum,176.7,22.81,40.254,3.46
Stylophora_pistillata,8.8,22.88,40.134,6.14
Dendrophyllia_sp,101.9,24.35,40.284,3.96
Dendrophyllia_sp,125.2,22.45,40.248,4.67
Desmophyllum_pertusum,219.7,23.95,39.915,3.62
Stylophora_pistillata,19.2,27.71,39.504,4.67
Stylophora_pistillata,10.8,21.85,39.634,4.81
Dendrophyllia_sp,127.5,23.14,40.72,4.14
Desmophyllum_pertusum,80.6,23.52,41.118,3.06
Dendrophyllia_sp,64.6,24.79,40.414,3.46
Dendrophyllia_sp,107.5,21.3,40.412,4.14
Dendrophyllia_sp,99.9,23.23,40.204,3.62
Desmophyllum_pertusum,204.8,22.88,41.351,4.27
Stylophora_pistillata,29.5,24.48,40.493,5.3
Desmophyllum_pertusum,134.8,20.27,41.16,4.11
Desmophyllum_pertusum,167.1,20.24,40.317,3.3
Stylophora_pistillata,37.6,29.52,40.298,6.54
Desmophyllum_pertusum,162.8,22.88,40.174,2.9
Dendrophyllia_sp,70.9,22.87,40.181,3.92
Desmophyllum_pertusum,163.8,21.53,41.151,3.55
Desmophyllum_pertusum,155.5,23.14,41.176,2.14
Stylophora_pistillata,23.0,23.19,41.267,2.4
Dendrophyllia_sp,110.3,19.25,40.013,3.9
Desmophyllum_pertusum,85.9,13.98,40.558,3.72
Stylophora_pistillata,3.8,26.67,40.985,4.78
Dendrophyllia_sp,63.1,20.95,41.246,4.38
Desmophyllum_pertusum,206.4,21.03,40.454,3.63
Desmophyllum_pertusum,136.9,21.31,40.997,0.93
Desmophyllum_pertusum,104.6,19.93,40.693,3.61
Desmophyllum_pertusum,119.2,19.55,39.901,3.29
Desmophyllum_pertusum,178.1,27.0,39.797,2.77
Stylophora_pistillata,27.9,24.06,40.39,5.29
Dendrophyllia_sp,91.8,22.05,40.039,2.6
Stylophora_pistillata,25.8,26.2,40.257,6.03
Dendrophyllia_sp,106.6,23.35,40.746,5.01
Desmophyllum_pertusum,187.3,21.89,40.456,2.97
Stylophora_pistillata,53.3,27.76,40.347,4.39
Dendrophyllia_sp,87.9,26.03,39.987,4.25
Stylophora_pistillata,38.1,27.13,40.651,5.56
Dendrophyllia_sp,76.5,24.25,40.539,5.0
Stylophora_pistillata,26.7,26.14,40.776,5.39
Dendrophyllia_sp,66.8,22.77,39.601,3.28
Dendrophyllia_sp,75.5,25.63,39.973,3.58
Stylophora_pistillata,28.4,28.22,41.201,5.55
Stylophora_pistillata,0.1,28.6,40.233,4.35
Stylophora_pistillata,38.7,27.03,40.61,3.96
Stylophora_pistillata,39.3,26.77,40.052,4.89
Stylophora_pistillata,54.0,25.87,41.007,4.63
Stylophora_pistillata,25.7,26.49,39.728,4.78
Dendrophyllia_sp,86.2,24.2,41.052,3.88
Stylophora_pistillata,0.5,23.52,41.275,5.41
Dendrophyllia_sp,80.0,19.5,40.014,3.64
Desmophyllum_pertusum,225.6,23.38,41.013,1.95
Dendrophyllia_sp,60.3,24.51,40.981,4.55
Desmophyllum_pertusum,183.8,20.77,39.976,1.56
Stylophora_pistillata,3.5,29.76,39.689,5.05
Stylophora_pistillata,41.0,27.53,40.25,4.26
Stylophora_pistillata,63.8,25.07,40.921,4.87
Desmophyllum_pertusum,149.2,18.51,40.331,1.7
Desmophyllum_pertusum,106.0,25.59,40.165,2.15
Stylophora_pistillata,38.4,22.92,40.104,4.14
Desmophyllum_pertusum,163.9,20.63,40.457,3.65
Stylophora_pistillata,36.7,25.21,40.101,5.52
Stylophora_pistillata,62.7,27.03,39.72,5.73
Desmophyllum_pertusum,121.2,20.15,40.393,1.75
Stylophora_pistillata,33.8,30.03,40.716,4.58
Stylophora_pistillata,32.2,25.83,40.655,5.13
Desmophyllum_pertusum,153.6,22.13,39.883,2.03
Stylophora_pistillata,22.3,24.15,40.152,3.6
Dendrophyllia_sp,111.3,26.71,40.624,3.74
Stylophora_pistillata,47.0,25.7,39.204,4.6
Desmophyllum_pertusum,143.5,24.37,40.372,1.84
Dendrophyllia_sp,128.0,23.7,40.825,2.12
Stylophora_pistillata,51.5,26.57,40.73,3.43
Stylophora_pistillata,45.7,25.84,40.93,6.4
Desmophyllum_pertusum,81.8,23.96,40.764,3.51
Stylophora_pistillata,33.8,24.6,39.71,3.63
Desmophyllum_pertusum,95.8,20.16,39.895,3.82
Stylophora_pistillata,42.2,26.66,39.986,7.35
Stylophora_pistillata,14.8,24.74,40.801,4.94
Desmophyllum_pertusum,176.4,21.15,40.252,3.2
Stylophora_pistillata,15.6,24.6,40.062,4.62
Desmophyllum_pertusum,72.3,17.23,40.746,3.35
Desmophyllum_pertusum,117.2,21.12,41.249,3.64
Stylophora_pistillata,55.7,30.95,39.423,5.23
Dendrophyllia_sp,121.3,23.95,40.536,4.07
Dendrophyllia_sp,52.6,26.06,40.662,4.7
Stylophora_pistillata,55.6,22.35,40.914,4.83
Dendrophyllia_sp,80.3,20.66,40.857,2.78
Desmophyllum_pertusum,103.3,17.05,40.369,3.4
Stylophora_pistillata,43.4,24.79,41.2,4.84
Desmophyllum_pertusum,98.4,18.98,39.377,4.28
Stylophora_pistillata,1.1,22.48,40.258,5.21
Desmophyllum_pertusum,109.7,22.0,39.143,2.04
Dendrophyllia_sp,30.9,20.3,40.228,4.0
Dendrophyllia_sp,52.1,28.09,41.793,6.37
Stylophora_pistillata,39.1,25.63,39.912,5.09
Dendrophyllia_sp,60.7,28.32,41.024,2.92
Stylophora_pistillata,58.1,24.3,40.719,6.95
Desmophyllum_pertusum,66.5,20.87,40.781,4.25
Stylophora_pistillata,13.7,27.32,41.634,5.08
Stylophora_pistillata,40.0,26.94,40.367,5.35
Stylophora_pistillata,45.9,27.88,41.061,6.21
Dendrophyllia_sp,59.2,22.61,40.923,3.31
Stylophora_pistillata,29.3,26.42,41.273,6.35
Dendrophyllia_sp,99.3,21.8,40.323,4.07
Stylophora_pistillata,11.3,26.9,40.231,4.43
Dendrophyllia_sp,67.1,20.78,41.28,3.57
Dendrophyllia_sp,86.9,29.11,40.798,4.46
Dendrophyllia_sp,105.9,30.26,40.001,3.97
Stylophora_pistillata,49.1,27.47,41.034,4.42
Desmophyllum_pertusum,98.6,21.34,40.459,2.97
Dendrophyllia_sp,78.3,25.08,39.983,3.43
Desmophyllum_pertusum,139.0,19.54,39.437,2.94
Desmophyllum_pertusum,146.1,21.43,40.285,4.15
Desmophyllum_pertusum,98.0,22.21,40.582,2.6
Desmophyllum_pertusum,139.5,18.32,41.005,3.9
Stylophora_pistillata,10.0,28.44,40.59,5.1
Dendrophyllia_sp,67.5,29.58,40.577,4.01
Stylophora_pistillata,9.8,24.03,40.512,4.85
Dendrophyllia_sp,81.3,20.6,40.141,4.03
Stylophora_pistillata,27.2,29.91,40.309,4.77
Dendrophyllia_sp,82.8,29.93,40.632,4.24
Dendrophyllia_sp,99.5,25.31,39.801,3.82
Dendrophyllia_sp,73.1,22.32,40.222,3.0
Dendrophyllia_sp,27.9,25.68,39.817,2.45
Dendrophyllia_sp,73.0,23.99,40.08,3.67
Desmophyllum_pertusum,60.0,17.85,41.039,2.55
Stylophora_pistillata,31.4,27.74,40.936,6.67
Dendrophyllia_sp,98.3,23.38,41.246,4.18
Stylophora_pistillata,39.9,26.21,40.655,4.66
Desmophyllum_pertusum,104.9,24.22,40.406,3.3
Desmophyllum_pertusum,112.9,23.0,40.151,2.02
Stylophora_pistillata,33.6,23.95,40.989,6.15
Stylophora_pistillata,21.2,26.71,40.73,5.36
Dendrophyllia_sp,41.9,19.23,40.984,4.62
Dendrophyllia_sp,90.0,26.85,41.199,3.49
Stylophora_pistillata,48.8,29.91,40.743,5.55
Desmophyllum_pertusum,214.3,25.84,39.758,3.53
Stylophora_pistillata,19.9,22.14,39.814,5.49
Desmophyllum_pertusum,197.2,23.54,39.72,3.73
Desmophyllum_pertusum,205.2,23.12,39.744,2.84
Desmophyllum_pertusum,171.4,23.22,40.231,4.87
Dendrophyllia_sp,111.0,26.07,41.176,3.13
Stylophora_pistillata,67.3,25.87,40.061,7.18
Stylophora_pistillata,8.9,27.29,40.788,5.2
Dendrophyllia_sp,113.4,24.26,40.478,3.76
Desmophyllum_pertusum,193.5,17.27,39.565,3.35
Dendrophyllia_sp,58.2,31.6,39.563,2.75
Dendrophyllia_sp,59.0,25.72,40.079,3.65
Dendrophyllia_sp,124.6,21.74,39.597,6.48
Dendrophyllia_sp,113.4,24.18,40.529,3.55
Desmophyllum_pertusum,112.5,19.27,40.631,3.13
Desmophyllum_pertusum,128.9,24.71,40.698,0.0
Stylophora_pistillata,27.1,27.22,40.832,4.65
Desmophyllum_pertusum,58.2,22.61,40.851,3.83
Desmophyllum_pertusum,157.0,22.74,40.83,3.79
Desmophyllum_pertusum,115.8,21.19,40.471,3.27
Stylophora_pistillata,24.3,25.8,40.07,5.18
Stylophora_pistillata,24.2,27.37,39.554,5.95
Desmophyllum_pertusum,142.0,21.52,40.4,3.58
Dendrophyllia_sp,98.2,21.67,40.843,4.03
Desmophyllum_pertusum,154.8,21.12,41.15,0.96
Desmophyllum_pertusum,233.5,21.15,40.932,2.77
Dendrophyllia_sp,122.8,25.92,40.678,5.54
Dendrophyllia_sp,87.0,27.72,41.077,2.98
Dendrophyllia_sp,81.4,25.78,40.542,3.67
Dendrophyllia_sp,35.7,21.28,39.67,2.7
Stylophora_pistillata,37.3,23.73,41.05,5.39
Stylophora_pistillata,32.4,27.32,41.344,4.17
Dendrophyllia_sp,75.1,25.27,39.741,3.99
Desmophyllum_pertusum,128.3,20.45,40.034,2.0
Dendrophyllia_sp,75.3,23.12,40.153,3.5
Stylophora_pistillata,29.8,25.85,40.388,4.25
Dendrophyllia_sp,85.7,23.95,39.974,3.42
Desmophyllum_pertusum,251.0,19.21,41.111,2.93
Dendrophyllia_sp,82.1,24.54,40.55,4.51
Dendrophyllia_sp,80.9,26.68,40.338,3.09
Dendrophyllia_sp,74.4,24.12,40.937,3.88
Dendrophyllia_sp,82.0,26.18,40.952,5.94
Desmophyllum_pertusum,141.0,21.65,40.459,4.71
Dendrophyllia_sp,99.2,22.85,40.083,4.32
Dendrophyllia_sp,71.0,26.72,40.932,4.86
Stylophora_pistillata,29.8,23.22,40.561,4.82
Desmophyllum_pertusum,133.2,21.42,40.147,3.39
Desmophyllum_pertusum,200.9,21.09,41.49,3.34
Desmophyllum_pertusum,152.9,23.09,40.778,2.34
Dendrophyllia_sp,82.0,21.48,39.941,3.11
Stylophora_pistillata,53.1,23.33,40.517,5.7
Stylophora_pistillata,44.7,25.09,40.851,5.2
Dendrophyllia_sp,116.8,27.06,41.735,4.42
Desmophyllum_pertusum,110.5,20.89,40.907,4.46
Desmophyllum_pertusum,217.0,22.07,40.199,2.59
Stylophora_pistillata,7.4,24.66,40.031,6.05
Dendrophyllia_sp,57.1,24.32,41.089,3.6
Desmophyllum_pertusum,176.0,19.2,40.5,3.3
Dendrophyllia_sp,64.6,21.22,40.972,4.48
Desmophyllum_pertusum,105.0,22.19,40.087,4.4
Dendrophyllia_sp,70.2,19.23,41.486,4.38
Desmophyllum_pertusum,172.9,22.79,40.698,3.93
Dendrophyllia_sp,95.8,22.67,39.979,4.84
Desmophyllum_pertusum,158.5,21.59,41.484,3.21
Dendrophyllia_sp,76.1,24.18,40.864,3.52
Desmophyllum_pertusum,182.6,19.88,40.382,3.98
Stylophora_pistillata,42.0,28.99,41.021,5.44
Stylophora_pistillata,41.7,24.18,40.376,4.98
Desmophyllum_pertusum,104.6,24.06,40.77,1.21
Dendrophyllia_sp,72.9,22.58,40.204,4.1
Dendrophyllia_sp,109.1,25.96,40.006,3.93
Desmophyllum_pertusum,129.0,22.79,39.858,3.52
Stylophora_pistillata,41.6,25.03,40.373,5.99
Desmophyllum_pertusum,204.2,19.56,40.836,4.73
Dendrophyllia_sp,59.5,25.34,40.31,3.8
Stylophora_pistillata,15.5,28.36,39.55,4.57
Dendrophyllia_sp,30.6,21.89,40.237,4.17
Desmophyllum_pertusum,100.5,24.55,41.365,2.9
Stylophora_pistillata,44.9,27.93,40.242,5.63
Stylophora_pistillata,40.6,26.7,40.811,4.71
Desmophyllum_pertusum,112.6,22.94,40.527,5.27
Desmophyllum_pertusum,107.6,21.0,41.562,2.48
Dendrophyllia_sp,78.4,22.03,40.614,3.36
Dendrophyllia_sp,75.4,25.63,40.462,3.3
Dendrophyllia_sp,63.6,24.33,40.225,4.73
Dendrophyllia_sp,46.4,26.13,40.094,3.44
Desmophyllum_pertusum,157.1,22.9,40.105,2.93
Dendrophyllia_sp,105.4,22.99,39.475,2.81
Desmophyllum_pertusum,122.4,22.33,40.154,3.94
Desmophyllum_pertusum,93.3,18.41,40.404,4.27
Stylophora_pistillata,50.9,28.63,40.523,6.54
Desmophyllum_pertusum,161.3,24.34,39.896,3.78
Dendrophyllia_sp,101.4,24.66,40.492,5.05
Desmophyllum_pertusum,133.6,21.04,41.176,1.94
Desmophyllum_pertusum,121.0,20.21,40.577,1.86
Dendrophyllia_sp,62.2,23.67,40.858,1.6
Stylophora_pistillata,13.7,26.06,41.242,4.49
Dendrophyllia_sp,81.1,26.23,40.851,3.47
Stylophora_pistillata,39.7,27.12,40.484,3.84
Stylophora_pistillata,5.9,24.38,40.476,5.36
Stylophora_pistillata,35.9,26.34,40.804,4.32
Desmophyllum_pertusum,183.6,21.88,39.483,4.13
Dendrophyllia_sp,51.8,26.59,40.717,3.81
Dendrophyllia_sp,78.9,23.15,40.291,3.99
Dendrophyllia_sp,80.4,21.73,39.916,3.77
Stylophora_pistillata,10.3,26.79,40.248,4.36
Dendrophyllia_sp,91.9,24.56,40.376,4.63
Desmophyllum_pertusum,128.8,20.16,40.856,2.14
Stylophora_pistillata,15.5,27.03,40.028,7.13
Dendrophyllia_sp,126.6,18.83,40.609,4.07
Dendrophyllia_sp,112.4,18.08,40.656,3.18
Desmophyllum_pertusum,119.5,21.52,40.88,4.15
Desmophyllum_pertusum,116.4,19.38,41.532,2.56
Desmophyllum_pertusum,145.5,23.69,39.493,2.52
Dendrophyllia_sp,95.6,21.02,40.377,3.11
Dendrophyllia_sp,62.5,21.81,40.097,4.43
Stylophora_pistillata,52.8,26.2,40.248,4.43
Stylophora_pistillata,14.4,26.43,40.344,3.63
Dendrophyllia_sp,73.7,26.97,41.388,4.06
Desmophyllum_pertusum,104.7,23.77,40.826,4.01
Stylophora_pistillata,9.9,28.49,41.214,5.31
Desmophyllum_pertusum,163.3,19.33,40.667,2.75
Dendrophyllia_sp,59.5,26.24,40.453,5.05
Stylophora_pistillata,50.4,25.27,39.469,6.76
Stylophora_pistillata,16.5,25.59,40.453,4.5
Stylophora_pistillata,18.3,17.64,41.855,5.09
Stylophora_pistillata,37.8,25.61,40.877,5.39
Dendrophyllia_sp,62.1,25.6,40.865,5.51
Dendrophyllia_sp,114.8,21.5,40.905,4.07
Dendrophyllia_sp,62.0,29.14,39.845,4.37
Stylophora_pistillata,42.1,28.27,39.789,4.98
Dendrophyllia_sp,32.8,27.47,40.019,4.67
Dendrophyllia_sp,72.7,25.11,40.801,4.65
Dendrophyllia_sp,110.3,23.14,40.826,4.84
Stylophora_pistillata,48.1,22.49,40.529,6.77
Stylophora_pistillata,40.8,27.0,40.393,3.32
Stylophora_pistillata,31.1,28.39,40.34,3.93
Desmophyllum_pertusum,155.8,18.33,40.16,2.17
Stylophora_pistillata,10.3,25.76,40.931,5.58
Dendrophyllia_sp,92.6,24.17,40.033,4.57
Desmophyllum_pertusum,129.1,23.01,40.007,4.05
Dendrophyllia_sp,95.8,25.92,40.687,2.85
Stylophora_pistillata,29.1,25.56,39.925,5.15
Dendrophyllia_sp,108.4,28.64,40.488,3.93
Desmophyllum_pertusum,102.6,21.81,40.379,3.75
Stylophora_pistillata,34.2,27.97,41.656,5.52
Dendrophyllia_sp,74.5,23.2,40.009,3.95
Desmophyllum_pertusum,171.1,23.93,40.075,2.85
Dendrophyllia_sp,8.7,25.36,40.574,5.64
Dendrophyllia_sp,68.5,21.46,40.905,4.69
Desmophyllum_pertusum,211.1,25.81,40.049,5.87
Stylophora_pistillata,21.1,26.65,40.7,4.53
Desmophyllum_pertusum,176.2,22.95,40.182,0.65
Desmophyllum_pertusum,93.4,24.6,40.943,1.39
Desmophyllum_pertusum,96.7,23.03,40.38,5.03
Desmophyllum_pertusum,72.6,20.9,40.44,4.33
Stylophora_pistillata,36.8,24.46,40.296,3.74
Dendrophyllia_sp,102.6,20.71,40.886,4.89
Desmophyllum_pertusum,181.3,23.55,40.546,4.61
Dendrophyllia_sp,71.3,19.06,41.224,5.35
Desmophyllum_pertusum,174.2,20.62,40.65,3.47
Dendrophyllia_sp,99.2,24.09,40.809,2.59
Dendrophyllia_sp,84.1,25.9,40.047,3.76
Stylophora_pistillata,32.1,27.82,40.351,3.82
Desmophyllum_pertusum,115.4,21.65,40.845,4.36
Dendrophyllia_sp,17.6,21.34,40.538,3.57
Dendrophyllia_sp,101.3,24.22,40.706,3.61
Dendrophyllia_sp,56.5,24.89,40.08,4.44
Desmophyllum_pertusum,135.2,21.46,40.53,1.61
Stylophora_pistillata,34.9,28.61,40.362,4.28
Stylophora_pistillata,29.3,28.98,40.22,4.61
Stylophora_pistillata,23.1,22.85,40.621,4.55
Desmophyllum_pertusum,80.9,22.37,40.006,3.04
Desmophyllum_pertusum,178.9,17.97,40.464,3.13
Dendrophyllia_sp,127.2,26.02,41.04,3.05
Desmophyllum_pertusum,205.1,24.42,40.805,2.98
